timestamp,training_end,threshold_selected_pre_event,predicted_probability,predicted_class,actual_future_6h_rain,actual_target,predicted_amount_mm
2021-11-01 00:00:00,2021-10-31 23:00:00,0.95,0.002048747847,0,5.2,0,7.251436234
2021-11-01 01:00:00,2021-10-31 23:00:00,0.95,0.02772164531,0,5.3,0,7.862103939
2021-11-01 02:00:00,2021-10-31 23:00:00,0.95,0.0161195118,0,4.7,0,9.375748634
2021-11-01 03:00:00,2021-10-31 23:00:00,0.95,0.005854887888,0,5,0,6.602131844
2021-11-01 04:00:00,2021-10-31 23:00:00,0.95,0.001298978925,0,9.6,0,2.887627363
2021-11-01 05:00:00,2021-10-31 23:00:00,0.95,0.00184646959,0,11.8,0,3.235858202
2021-11-01 06:00:00,2021-10-31 23:00:00,0.95,0.0003217192134,0,12.2,0,4.552476883
2021-11-01 07:00:00,2021-10-31 23:00:00,0.95,6.36536497e-05,0,10.4,0,6.492036343
2021-11-01 08:00:00,2021-10-31 23:00:00,0.95,0.0005303110811,0,10,0,5.797471046
2021-11-01 09:00:00,2021-10-31 23:00:00,0.95,0.002367900917,0,10.6,0,5.913357735
2021-11-01 10:00:00,2021-10-31 23:00:00,0.95,0.04468620569,0,6.4,0,7.785794735
2021-11-01 11:00:00,2021-10-31 23:00:00,0.95,0.007781169843,0,4.2,0,5.064047813
2021-11-01 12:00:00,2021-10-31 23:00:00,0.95,0.03503932431,0,3.1,0,10.21770859
2021-11-01 13:00:00,2021-10-31 23:00:00,0.95,0.02448476665,0,2.9,0,8.952441216
2021-11-01 14:00:00,2021-10-31 23:00:00,0.95,0.001228290959,0,2.8,0,4.758133411
2021-11-01 15:00:00,2021-10-31 23:00:00,0.95,0.0218964722,0,2.4,0,5.248552322
2021-11-01 16:00:00,2021-10-31 23:00:00,0.95,0.004097155761,0,2.6,0,3.320725679
2021-11-01 17:00:00,2021-10-31 23:00:00,0.95,0.002861057641,0,3,0,3.761713028
2021-11-01 18:00:00,2021-10-31 23:00:00,0.95,0.00350107695,0,5.2,0,4.140468597
2021-11-01 19:00:00,2021-10-31 23:00:00,0.95,0.0003153418947,0,5.4,0,4.356237888
2021-11-01 20:00:00,2021-10-31 23:00:00,0.95,0.001758410246,0,5.4,0,5.150492668
2021-11-01 21:00:00,2021-10-31 23:00:00,0.95,0.001776033896,0,5,0,5.721755981
2021-11-01 22:00:00,2021-10-31 23:00:00,0.95,0.00070992572,0,5,0,6.063274384
2021-11-01 23:00:00,2021-10-31 23:00:00,0.95,0.0008791692671,0,4.6,0,5.405075073
2021-11-02 00:00:00,2021-10-31 23:00:00,0.95,0.003578362288,0,2.6,0,8.539105415
2021-11-02 01:00:00,2021-10-31 23:00:00,0.95,0.0007871148409,0,2.9,0,7.131293774
2021-11-02 02:00:00,2021-10-31 23:00:00,0.95,6.748584565e-05,0,3.2,0,2.96160841
2021-11-02 03:00:00,2021-10-31 23:00:00,0.95,2.174531073e-05,0,2.9,0,4.903803825
2021-11-02 04:00:00,2021-10-31 23:00:00,0.95,9.932221292e-05,0,2.2,0,5.634822369
2021-11-02 05:00:00,2021-10-31 23:00:00,0.95,2.464111094e-05,0,2.1,0,4.780947685
2021-11-02 06:00:00,2021-10-31 23:00:00,0.95,3.131554695e-05,0,1.8,0,5.73628521
2021-11-02 07:00:00,2021-10-31 23:00:00,0.95,2.374078031e-05,0,1.6,0,5.480059147
2021-11-02 08:00:00,2021-10-31 23:00:00,0.95,2.718229553e-05,0,1.4,0,4.717962265
2021-11-02 09:00:00,2021-10-31 23:00:00,0.95,1.339030314e-05,0,1.1,0,3.775874376
2021-11-02 10:00:00,2021-10-31 23:00:00,0.95,1.401540158e-05,0,1.1,0,2.224936962
2021-11-02 11:00:00,2021-10-31 23:00:00,0.95,3.909012321e-06,0,1.1,0,1.996179819
2021-11-02 12:00:00,2021-10-31 23:00:00,0.95,3.605351367e-06,0,0.9,0,1.804346561
2021-11-02 13:00:00,2021-10-31 23:00:00,0.95,2.695891271e-05,0,0.4,0,2.376204014
2021-11-02 14:00:00,2021-10-31 23:00:00,0.95,9.790305921e-05,0,0.2,0,1.962604284
2021-11-02 15:00:00,2021-10-31 23:00:00,0.95,0.0001074598695,0,0.3,0,0.8450948
2021-11-02 16:00:00,2021-10-31 23:00:00,0.95,9.628137923e-05,0,0.3,0,1.351394892
2021-11-02 17:00:00,2021-10-31 23:00:00,0.95,9.042901365e-05,0,1.6,0,1.49637568
2021-11-02 18:00:00,2021-10-31 23:00:00,0.95,6.826241588e-05,0,4.1,0,1.195364475
2021-11-02 19:00:00,2021-10-31 23:00:00,0.95,3.390439088e-05,0,4.6,0,1.40197742
2021-11-02 20:00:00,2021-10-31 23:00:00,0.95,2.342391235e-05,0,4.9,0,1.27870214
2021-11-02 21:00:00,2021-10-31 23:00:00,0.95,2.470284926e-05,0,8.4,0,1.704423547
2021-11-02 22:00:00,2021-10-31 23:00:00,0.95,6.662459054e-05,0,9.2,0,1.637345076
2021-11-02 23:00:00,2021-10-31 23:00:00,0.95,0.0007921420038,0,8,0,4.746253967
2021-11-03 00:00:00,2021-10-31 23:00:00,0.95,0.001255700947,0,6.8,0,7.242305279
2021-11-03 01:00:00,2021-10-31 23:00:00,0.95,0.0006468114443,0,6.7,0,3.383858442
2021-11-03 02:00:00,2021-10-31 23:00:00,0.95,0.0002017897641,0,6.8,0,3.325639248
2021-11-03 03:00:00,2021-10-31 23:00:00,0.95,0.0001393093116,0,3.7,0,4.632177353
2021-11-03 04:00:00,2021-10-31 23:00:00,0.95,7.55049623e-05,0,3.1,0,3.543814421
2021-11-03 05:00:00,2021-10-31 23:00:00,0.95,3.610083513e-05,0,3.1,0,2.717231512
2021-11-03 06:00:00,2021-10-31 23:00:00,0.95,7.481447392e-05,0,2,0,4.855154037
2021-11-03 07:00:00,2021-10-31 23:00:00,0.95,3.838685734e-05,0,1.7,0,4.821733475
2021-11-03 08:00:00,2021-10-31 23:00:00,0.95,0.0002233273262,0,1.9,0,4.786885262
2021-11-03 09:00:00,2021-10-31 23:00:00,0.95,0.0006234486355,0,1.5,0,5.419168472
2021-11-03 10:00:00,2021-10-31 23:00:00,0.95,0.0002660047321,0,1.2,0,3.097382307
2021-11-03 11:00:00,2021-10-31 23:00:00,0.95,1.624315883e-05,0,1,0,2.107638121
2021-11-03 12:00:00,2021-10-31 23:00:00,0.95,9.371477972e-06,0,1.9,0,1.649116278
2021-11-03 13:00:00,2021-10-31 23:00:00,0.95,7.635489965e-06,0,1.9,0,1.425149679
2021-11-03 14:00:00,2021-10-31 23:00:00,0.95,3.200078572e-05,0,1.4,0,2.075559378
2021-11-03 15:00:00,2021-10-31 23:00:00,0.95,3.377124813e-05,0,1.4,0,1.052350163
2021-11-03 16:00:00,2021-10-31 23:00:00,0.95,9.106244397e-05,0,2,0,0.8790147901
2021-11-03 17:00:00,2021-10-31 23:00:00,0.95,9.706096898e-05,0,2.1,0,1.531796932
2021-11-03 18:00:00,2021-10-31 23:00:00,0.95,0.002963504987,0,1.5,0,5.262798786
2021-11-03 19:00:00,2021-10-31 23:00:00,0.95,0.0003316847142,0,1.6,0,3.123127699
2021-11-03 20:00:00,2021-10-31 23:00:00,0.95,0.000238765846,0,1.6,0,2.732248545
2021-11-03 21:00:00,2021-10-31 23:00:00,0.95,0.0004031741701,0,1.7,0,3.582577467
2021-11-03 22:00:00,2021-10-31 23:00:00,0.95,0.006671793293,0,1.3,0,4.980372906
2021-11-03 23:00:00,2021-10-31 23:00:00,0.95,0.0003294506168,0,1.3,0,3.00103426
2021-11-04 00:00:00,2021-10-31 23:00:00,0.95,1.855578193e-05,0,5.5,0,3.196016312
2021-11-04 01:00:00,2021-10-31 23:00:00,0.95,4.328575233e-05,0,8.9,0,2.263831615
2021-11-04 02:00:00,2021-10-31 23:00:00,0.95,2.213569314e-05,0,13.3,0,1.519370437
2021-11-04 03:00:00,2021-10-31 23:00:00,0.95,1.609813808e-05,0,16,0,1.668569446
2021-11-04 04:00:00,2021-10-31 23:00:00,0.95,1.661338501e-05,0,18.6,0,1.898643136
2021-11-04 05:00:00,2021-10-31 23:00:00,0.95,4.607380106e-05,0,21.1,1,1.310147882
2021-11-04 06:00:00,2021-10-31 23:00:00,0.95,6.571909034e-05,0,18.9,0,4.451674938
2021-11-04 07:00:00,2021-10-31 23:00:00,0.95,8.686806541e-05,0,16.9,0,5.413118362
2021-11-04 08:00:00,2021-10-31 23:00:00,0.95,0.0008575557149,0,13.3,0,5.834175587
2021-11-04 09:00:00,2021-10-31 23:00:00,0.95,9.936143761e-05,0,10.8,0,5.14426136
2021-11-04 10:00:00,2021-10-31 23:00:00,0.95,0.006715488154,0,8.1,0,5.490655899
2021-11-04 11:00:00,2021-10-31 23:00:00,0.95,0.01709675603,0,5.6,0,6.297879219
2021-11-04 12:00:00,2021-10-31 23:00:00,0.95,0.4363938272,0,3.2,0,9.76777935
2021-11-04 13:00:00,2021-10-31 23:00:00,0.95,0.3862974942,0,1.7,0,6.566037178
2021-11-04 14:00:00,2021-10-31 23:00:00,0.95,0.06252985448,0,1,0,3.18900919
2021-11-04 15:00:00,2021-10-31 23:00:00,0.95,0.01360802166,0,0.6,0,2.365214586
2021-11-04 16:00:00,2021-10-31 23:00:00,0.95,0.00128881447,0,0.5,0,1.182709455
2021-11-04 17:00:00,2021-10-31 23:00:00,0.95,0.0003782913554,0,0.4,0,0.4678721428
2021-11-04 18:00:00,2021-10-31 23:00:00,0.95,0.0001737769489,0,0.3,0,0.01151428744
2021-11-04 19:00:00,2021-10-31 23:00:00,0.95,0.003999641631,0,0.2,0,2.575908184
2021-11-04 20:00:00,2021-10-31 23:00:00,0.95,0.003387839533,0,0,0,3.901596069
2021-11-04 21:00:00,2021-10-31 23:00:00,0.95,0.00175725983,0,0,0,2.309097052
2021-11-04 22:00:00,2021-10-31 23:00:00,0.95,0.002822992625,0,0,0,2.94687295
2021-11-04 23:00:00,2021-10-31 23:00:00,0.95,0.03058918938,0,0,0,3.702127934
2021-11-05 00:00:00,2021-10-31 23:00:00,0.95,8.106791938e-05,0,0.9,0,2.584816933
2021-11-05 01:00:00,2021-10-31 23:00:00,0.95,2.53818107e-05,0,2.5,0,1.611972332
2021-11-05 02:00:00,2021-10-31 23:00:00,0.95,3.805074812e-05,0,2.6,0,1.363510251
2021-11-05 03:00:00,2021-10-31 23:00:00,0.95,4.901729335e-05,0,7.6,0,1.41024828
2021-11-05 04:00:00,2021-10-31 23:00:00,0.95,1.479290131e-05,0,10.4,0,1.384566784
2021-11-05 05:00:00,2021-10-31 23:00:00,0.95,0.0001400944602,0,10.7,0,1.16086483
2021-11-05 06:00:00,2021-10-31 23:00:00,0.95,0.0002114191739,0,10.1,0,4.333387852
2021-11-05 07:00:00,2021-10-31 23:00:00,0.95,0.0002078190737,0,8.7,0,4.882588863
2021-11-05 08:00:00,2021-10-31 23:00:00,0.95,2.12053219e-05,0,8.8,0,3.979157686
2021-11-05 09:00:00,2021-10-31 23:00:00,0.95,0.0002632167307,0,4.2,0,6.549565792
2021-11-05 10:00:00,2021-10-31 23:00:00,0.95,0.0003989011457,0,7.2,0,6.819154739
2021-11-05 11:00:00,2021-10-31 23:00:00,0.95,0.0002355168108,0,7.1,0,4.609313011
2021-11-05 12:00:00,2021-10-31 23:00:00,0.95,9.576129378e-05,0,6.8,0,2.951698542
2021-11-05 13:00:00,2021-10-31 23:00:00,0.95,0.0005155779072,0,6.7,0,1.93033278
2021-11-05 14:00:00,2021-10-31 23:00:00,0.95,5.545998647e-05,0,8.3,0,1.350702643
2021-11-05 15:00:00,2021-10-31 23:00:00,0.95,0.0003061879252,0,12.7,0,1.926938653
2021-11-05 16:00:00,2021-10-31 23:00:00,0.95,0.0006211826112,0,8.1,0,6.728267193
2021-11-05 17:00:00,2021-10-31 23:00:00,0.95,7.733960956e-05,0,8.2,0,2.400610209
2021-11-05 18:00:00,2021-10-31 23:00:00,0.95,0.0002038870007,0,8.2,0,1.175303459
2021-11-05 19:00:00,2021-10-31 23:00:00,0.95,6.233588647e-05,0,8.1,0,3.59582305
2021-11-05 20:00:00,2021-10-31 23:00:00,0.95,0.0007835604483,0,6.3,0,6.487713337
2021-11-05 21:00:00,2021-10-31 23:00:00,0.95,0.001678243163,0,1.5,0,5.407058716
2021-11-05 22:00:00,2021-10-31 23:00:00,0.95,0.003798333229,0,0.3,0,8.556513786
2021-11-05 23:00:00,2021-10-31 23:00:00,0.95,0.0571738705,0,0,0,6.479195118
2021-11-06 00:00:00,2021-10-31 23:00:00,0.95,0.0005252150004,0,0,0,5.766017914
2021-11-06 01:00:00,2021-10-31 23:00:00,0.95,0.000882629829,0,0,0,2.668875217
2021-11-06 02:00:00,2021-10-31 23:00:00,0.95,6.913133257e-05,0,0.1,0,1.436368585
2021-11-06 03:00:00,2021-10-31 23:00:00,0.95,0.0005660094321,0,0.3,0,0.9595828652
2021-11-06 04:00:00,2021-10-31 23:00:00,0.95,0.001003990066,0,0.9,0,1.400953889
2021-11-06 05:00:00,2021-10-31 23:00:00,0.95,0.000334417884,0,1.7,0,1.204717994
2021-11-06 06:00:00,2021-10-31 23:00:00,0.95,0.00114043639,0,1.9,0,1.262301803
2021-11-06 07:00:00,2021-10-31 23:00:00,0.95,0.0003700537491,0,2.4,0,1.836423993
2021-11-06 08:00:00,2021-10-31 23:00:00,0.95,4.279364293e-05,0,2.4,0,2.075295448
2021-11-06 09:00:00,2021-10-31 23:00:00,0.95,6.481977471e-05,0,2.3,0,2.658446074
2021-11-06 10:00:00,2021-10-31 23:00:00,0.95,5.108904588e-05,0,2.2,0,2.446590424
2021-11-06 11:00:00,2021-10-31 23:00:00,0.95,2.213383596e-05,0,1.5,0,2.13937211
2021-11-06 12:00:00,2021-10-31 23:00:00,0.95,1.301471002e-05,0,1.8,0,1.92020309
2021-11-06 13:00:00,2021-10-31 23:00:00,0.95,0.0002875622013,0,4.8,0,2.116143703
2021-11-06 14:00:00,2021-10-31 23:00:00,0.95,6.87545471e-05,0,5.4,0,1.191293955
2021-11-06 15:00:00,2021-10-31 23:00:00,0.95,0.0001281388686,0,5.5,0,1.632271051
2021-11-06 16:00:00,2021-10-31 23:00:00,0.95,0.0005344233359,0,10.7,0,2.137373209
2021-11-06 17:00:00,2021-10-31 23:00:00,0.95,0.0015147042,0,14.7,0,2.125767469
2021-11-06 18:00:00,2021-10-31 23:00:00,0.95,0.05773639679,0,18.1,0,3.912142992
2021-11-06 19:00:00,2021-10-31 23:00:00,0.95,0.001321150688,0,18.9,0,6.820575237
2021-11-06 20:00:00,2021-10-31 23:00:00,0.95,0.002105586929,0,20.6,1,4.648131371
2021-11-06 21:00:00,2021-10-31 23:00:00,0.95,0.002900737571,0,27.4,1,4.470876694
2021-11-06 22:00:00,2021-10-31 23:00:00,0.95,0.001898624585,0,23.8,1,11.61511421
2021-11-06 23:00:00,2021-10-31 23:00:00,0.95,0.02888445929,0,21.8,1,6.576999664
2021-11-07 00:00:00,2021-10-31 23:00:00,0.95,0.02123244852,0,21.4,1,10.62567329
2021-11-07 01:00:00,2021-10-31 23:00:00,0.95,0.06701126695,0,20.6,1,15.30621052
2021-11-07 02:00:00,2021-10-31 23:00:00,0.95,0.130848214,0,19,0,16.24625587
2021-11-07 03:00:00,2021-10-31 23:00:00,0.95,0.1032339483,0,14.2,0,17.98791504
2021-11-07 04:00:00,2021-10-31 23:00:00,0.95,0.07107584178,0,13.6,0,15.08504963
2021-11-07 05:00:00,2021-10-31 23:00:00,0.95,0.5008342266,0,13.7,0,16.00226212
2021-11-07 06:00:00,2021-10-31 23:00:00,0.95,0.1143481508,0,12.1,0,14.71842384
2021-11-07 07:00:00,2021-10-31 23:00:00,0.95,0.2328130454,0,10.8,0,14.41187668
2021-11-07 08:00:00,2021-10-31 23:00:00,0.95,0.1264367104,0,13.9,0,11.61119556
2021-11-07 09:00:00,2021-10-31 23:00:00,0.95,0.3287083507,0,12.3,0,17.81777763
2021-11-07 10:00:00,2021-10-31 23:00:00,0.95,0.7585389018,0,11.2,0,18.18227768
2021-11-07 11:00:00,2021-10-31 23:00:00,0.95,0.7162274718,0,9.1,0,17.25039291
2021-11-07 12:00:00,2021-10-31 23:00:00,0.95,0.7677281499,0,7.8,0,15.03014278
2021-11-07 13:00:00,2021-10-31 23:00:00,0.95,0.5254248977,0,6,0,8.485905647
2021-11-07 14:00:00,2021-10-31 23:00:00,0.95,0.7549940348,0,6.9,0,10.20971584
2021-11-07 15:00:00,2021-10-31 23:00:00,0.95,0.1966112703,0,11.1,0,6.343197823
2021-11-07 16:00:00,2021-10-31 23:00:00,0.95,0.07804521918,0,11.4,0,3.767386436
2021-11-07 17:00:00,2021-10-31 23:00:00,0.95,0.01772980392,0,13.7,0,5.615009785
2021-11-07 18:00:00,2021-10-31 23:00:00,0.95,0.005355589092,0,13.5,0,5.098441601
2021-11-07 19:00:00,2021-10-31 23:00:00,0.95,0.003070390318,0,18.4,0,5.20083046
2021-11-07 20:00:00,2021-10-31 23:00:00,0.95,9.80277764e-05,0,14.1,0,8.986382484
2021-11-07 21:00:00,2021-10-31 23:00:00,0.95,0.004906809423,0,10,0,11.37559223
2021-11-07 22:00:00,2021-10-31 23:00:00,0.95,0.08981668204,0,10,0,11.18240643
2021-11-07 23:00:00,2021-10-31 23:00:00,0.95,0.004972119816,0,7.9,0,10.3307972
2021-11-08 00:00:00,2021-10-31 23:00:00,0.95,0.04338805005,0,7.6,0,12.43004513
2021-11-08 01:00:00,2021-10-31 23:00:00,0.95,0.0362103954,0,2.5,0,13.44556618
2021-11-08 02:00:00,2021-10-31 23:00:00,0.95,0.1890684813,0,2.1,0,9.841656685
2021-11-08 03:00:00,2021-10-31 23:00:00,0.95,0.04604920372,0,1.5,0,9.396352768
2021-11-08 04:00:00,2021-10-31 23:00:00,0.95,0.07983127981,0,0.8,0,11.11385155
2021-11-08 05:00:00,2021-10-31 23:00:00,0.95,0.01293933298,0,0.5,0,4.531914711
2021-11-08 06:00:00,2021-10-31 23:00:00,0.95,0.005790251307,0,0.5,0,2.63628602
2021-11-08 07:00:00,2021-10-31 23:00:00,0.95,0.0003931700194,0,0.4,0,5.880691528
2021-11-08 08:00:00,2021-10-31 23:00:00,0.95,8.745744708e-05,0,0.4,0,3.012993336
2021-11-08 09:00:00,2021-10-31 23:00:00,0.95,5.975118984e-05,0,0.4,0,1.989729166
2021-11-08 10:00:00,2021-10-31 23:00:00,0.95,5.599284123e-05,0,0.5,0,0.9631522894
2021-11-08 11:00:00,2021-10-31 23:00:00,0.95,5.704544492e-06,0,0.5,0,0.7913839817
2021-11-08 12:00:00,2021-10-31 23:00:00,0.95,1.504965712e-05,0,1,0,1.831175089
2021-11-08 13:00:00,2021-10-31 23:00:00,0.95,3.586239472e-05,0,1.4,0,1.712240696
2021-11-08 14:00:00,2021-10-31 23:00:00,0.95,5.733535363e-05,0,1.8,0,1.432106376
2021-11-08 15:00:00,2021-10-31 23:00:00,0.95,0.0001359966554,0,2.2,0,1.512650132
2021-11-08 16:00:00,2021-10-31 23:00:00,0.95,0.0001442682551,0,2.8,0,1.290953517
2021-11-08 17:00:00,2021-10-31 23:00:00,0.95,0.0001468730334,0,3.9,0,1.775653481
2021-11-08 18:00:00,2021-10-31 23:00:00,0.95,0.003311416833,0,4.5,0,4.420912743
2021-11-08 19:00:00,2021-10-31 23:00:00,0.95,0.001805679407,0,4.6,0,4.320915699
2021-11-08 20:00:00,2021-10-31 23:00:00,0.95,0.0005108487094,0,4.3,0,4.036563873
2021-11-08 21:00:00,2021-10-31 23:00:00,0.95,0.0005804036045,0,3.8,0,4.696993828
2021-11-08 22:00:00,2021-10-31 23:00:00,0.95,0.004542326089,0,3.4,0,5.564355373
2021-11-08 23:00:00,2021-10-31 23:00:00,0.95,0.002562580165,0,2.8,0,6.351795197
2021-11-09 00:00:00,2021-10-31 23:00:00,0.95,0.001983867493,0,2.4,0,4.44013834
2021-11-09 01:00:00,2021-10-31 23:00:00,0.95,0.0008326338721,0,2,0,4.95684576
2021-11-09 02:00:00,2021-10-31 23:00:00,0.95,0.0001987758005,0,2.2,0,3.909816027
2021-11-09 03:00:00,2021-10-31 23:00:00,0.95,9.855274402e-05,0,2.8,0,1.284440637
2021-11-09 04:00:00,2021-10-31 23:00:00,0.95,0.0001047117985,0,4.6,0,2.260434389
2021-11-09 05:00:00,2021-10-31 23:00:00,0.95,0.001645104145,0,4.9,0,2.834504604
2021-11-09 06:00:00,2021-10-31 23:00:00,0.95,0.0009377626702,0,4.3,0,3.721666336
2021-11-09 07:00:00,2021-10-31 23:00:00,0.95,0.0002729031839,0,4.3,0,3.247062206
2021-11-09 08:00:00,2021-10-31 23:00:00,0.95,0.0004469710111,0,5,0,3.691888571
2021-11-09 09:00:00,2021-10-31 23:00:00,0.95,0.0004490893625,0,5.1,0,3.684462547
2021-11-09 10:00:00,2021-10-31 23:00:00,0.95,0.001310479711,0,3.9,0,5.771153927
2021-11-09 11:00:00,2021-10-31 23:00:00,0.95,0.001664387761,0,3.9,0,5.301673889
2021-11-09 12:00:00,2021-10-31 23:00:00,0.95,2.503453652e-05,0,4.6,0,2.722993374
2021-11-09 13:00:00,2021-10-31 23:00:00,0.95,3.916358037e-05,0,4.4,0,1.726110339
2021-11-09 14:00:00,2021-10-31 23:00:00,0.95,0.0003964472562,0,3.3,0,2.564984083
2021-11-09 15:00:00,2021-10-31 23:00:00,0.95,0.002479136689,0,2.6,0,3.262279272
2021-11-09 16:00:00,2021-10-31 23:00:00,0.95,0.003812418086,0,1.7,0,3.774548769
2021-11-09 17:00:00,2021-10-31 23:00:00,0.95,0.01753632724,0,1,0,4.748169422
2021-11-09 18:00:00,2021-10-31 23:00:00,0.95,0.004004983231,0,1.1,0,5.806808472
2021-11-09 19:00:00,2021-10-31 23:00:00,0.95,0.001161683816,0,1.6,0,2.984988213
2021-11-09 20:00:00,2021-10-31 23:00:00,0.95,0.0001526985725,0,1.7,0,2.418793917
2021-11-09 21:00:00,2021-10-31 23:00:00,0.95,6.766692968e-05,0,2,0,0.914693892
2021-11-09 22:00:00,2021-10-31 23:00:00,0.95,0.000136454677,0,2.4,0,1.288907766
2021-11-09 23:00:00,2021-10-31 23:00:00,0.95,0.0006801484851,0,2.8,0,2.023943663
2021-11-10 00:00:00,2021-10-31 23:00:00,0.95,0.002210026374,0,5.8,0,3.631724596
2021-11-10 01:00:00,2021-10-31 23:00:00,0.95,0.0009904626058,0,9.6,0,2.831896067
2021-11-10 02:00:00,2021-10-31 23:00:00,0.95,0.0002568479395,0,11.3,0,2.0859375
2021-11-10 03:00:00,2021-10-31 23:00:00,0.95,0.0002209789818,0,11.6,0,2.861577511
2021-11-10 04:00:00,2021-10-31 23:00:00,0.95,0.0001699266722,0,12.6,0,3.112781763
2021-11-10 05:00:00,2021-10-31 23:00:00,0.95,0.0001907116675,0,14.8,0,2.929767132
2021-11-10 06:00:00,2021-10-31 23:00:00,0.95,0.000655382697,0,12.5,0,6.708227158
2021-11-10 07:00:00,2021-10-31 23:00:00,0.95,0.00336451875,0,11.2,0,10.53424358
2021-11-10 08:00:00,2021-10-31 23:00:00,0.95,0.001316964743,0,12.5,0,7.494790554
2021-11-10 09:00:00,2021-10-31 23:00:00,0.95,0.004408340435,0,14.1,0,7.173739433
2021-11-10 10:00:00,2021-10-31 23:00:00,0.95,0.04403015599,0,15.3,0,9.022073746
2021-11-10 11:00:00,2021-10-31 23:00:00,0.95,0.05626003444,0,16,0,8.866889954
2021-11-10 12:00:00,2021-10-31 23:00:00,0.95,0.03605806082,0,18.3,0,4.84090519
2021-11-10 13:00:00,2021-10-31 23:00:00,0.95,0.1709636003,0,21.9,1,7.465736389
2021-11-10 14:00:00,2021-10-31 23:00:00,0.95,0.4860392511,0,28.3,1,8.149780273
2021-11-10 15:00:00,2021-10-31 23:00:00,0.95,0.02359975129,0,33.1,1,11.01085663
2021-11-10 16:00:00,2021-10-31 23:00:00,0.95,0.01910432801,0,38.9,1,8.973705292
2021-11-10 17:00:00,2021-10-31 23:00:00,0.95,0.2597141862,0,42.8,1,14.59322834
2021-11-10 18:00:00,2021-10-31 23:00:00,0.95,0.1924178302,0,47.4,1,17.22360039
2021-11-10 19:00:00,2021-10-31 23:00:00,0.95,0.1169448048,0,52.2,1,19.32559776
2021-11-10 20:00:00,2021-10-31 23:00:00,0.95,0.9346546531,0,59.7,1,24.57072639
2021-11-10 21:00:00,2021-10-31 23:00:00,0.95,0.9858983755,1,60.5,1,21.43974304
2021-11-10 22:00:00,2021-10-31 23:00:00,0.95,0.9030132294,0,58.8,1,17.32420921
2021-11-10 23:00:00,2021-10-31 23:00:00,0.95,0.9298959374,0,58.1,1,27.5718689
2021-11-11 00:00:00,2021-10-31 23:00:00,0.95,0.9863843322,1,54.9,1,40.48843384
2021-11-11 01:00:00,2021-10-31 23:00:00,0.95,0.9942364097,1,51.7,1,37.34240723
2021-11-11 02:00:00,2021-10-31 23:00:00,0.95,0.9989752769,1,60.2,1,41.69919205
2021-11-11 03:00:00,2021-10-31 23:00:00,0.95,0.9990568757,1,80,1,47.47592545
2021-11-11 04:00:00,2021-10-31 23:00:00,0.95,0.9984183311,1,103,1,48.11671448
2021-11-11 05:00:00,2021-10-31 23:00:00,0.95,0.9972165823,1,99.8,1,44.87059784
2021-11-11 06:00:00,2021-10-31 23:00:00,0.95,0.9984894991,1,99,1,44.11038589
2021-11-11 07:00:00,2021-10-31 23:00:00,0.95,0.9980658889,1,108.2,1,40.70335388
2021-11-11 08:00:00,2021-10-31 23:00:00,0.95,0.9984294772,1,88.2,1,39.91247559
2021-11-11 09:00:00,2021-10-31 23:00:00,0.95,0.9981289506,1,60.7,1,56.57807922
2021-11-11 10:00:00,2021-10-31 23:00:00,0.95,0.9952499866,1,31.1,1,40.12559891
2021-11-11 11:00:00,2021-10-31 23:00:00,0.95,0.8641963601,0,28,1,15.61688042
2021-11-11 12:00:00,2021-10-31 23:00:00,0.95,0.9882110357,1,23.4,1,26.26544762
2021-11-11 13:00:00,2021-10-31 23:00:00,0.95,0.9725108147,1,6,0,32.61985397
2021-11-11 14:00:00,2021-10-31 23:00:00,0.95,0.9930438399,1,0.5,0,26.85937309
2021-11-11 15:00:00,2021-10-31 23:00:00,0.95,0.1786778122,0,0.4,0,8.399626732
2021-11-11 16:00:00,2021-10-31 23:00:00,0.95,0.003434680868,0,0.5,0,7.323372364
2021-11-11 17:00:00,2021-10-31 23:00:00,0.95,0.01550606452,0,0.4,0,7.417766571
2021-11-11 18:00:00,2021-10-31 23:00:00,0.95,1.266406252e-05,0,0.4,0,4.377931595
2021-11-11 19:00:00,2021-10-31 23:00:00,0.95,5.721200068e-06,0,0.4,0,3.570253372
2021-11-11 20:00:00,2021-10-31 23:00:00,0.95,1.243681618e-05,0,0.4,0,4.203631878
2021-11-11 21:00:00,2021-10-31 23:00:00,0.95,0.0007683910662,0,0.4,0,4.157206535
2021-11-11 22:00:00,2021-10-31 23:00:00,0.95,0.0009635373135,0,0.2,0,2.899164438
2021-11-11 23:00:00,2021-10-31 23:00:00,0.95,0.002309917007,0,0.1,0,2.881118298
2021-11-12 00:00:00,2021-10-31 23:00:00,0.95,5.677267472e-05,0,0.6,0,1.475742579
2021-11-12 01:00:00,2021-10-31 23:00:00,0.95,0.000141752229,0,1.1,0,2.486759424
2021-11-12 02:00:00,2021-10-31 23:00:00,0.95,5.110994971e-05,0,1.3,0,1.601050854
2021-11-12 03:00:00,2021-10-31 23:00:00,0.95,3.98765369e-05,0,1.6,0,1.649487138
2021-11-12 04:00:00,2021-10-31 23:00:00,0.95,9.180109191e-05,0,1.6,0,1.056541562
2021-11-12 05:00:00,2021-10-31 23:00:00,0.95,1.838559001e-05,0,1.5,0,1.676912069
2021-11-12 06:00:00,2021-10-31 23:00:00,0.95,0.000147459752,0,1,0,3.145381927
2021-11-12 07:00:00,2021-10-31 23:00:00,0.95,0.001845973078,0,0.5,0,2.684294701
2021-11-12 08:00:00,2021-10-31 23:00:00,0.95,7.735517283e-05,0,0.3,0,2.76693058
2021-11-12 09:00:00,2021-10-31 23:00:00,0.95,3.846138861e-05,0,0,0,2.675308228
2021-11-12 10:00:00,2021-10-31 23:00:00,0.95,2.114429844e-05,0,0,0,2.547415733
2021-11-12 11:00:00,2021-10-31 23:00:00,0.95,4.466776318e-06,0,0,0,0.7161015272
2021-11-12 12:00:00,2021-10-31 23:00:00,0.95,1.801183862e-05,0,0,0,1.196929336
2021-11-12 13:00:00,2021-10-31 23:00:00,0.95,5.571899965e-05,0,0,0,0.4691825509
2021-11-12 14:00:00,2021-10-31 23:00:00,0.95,0.0001562059188,0,0,0,1.158496857
2021-11-12 15:00:00,2021-10-31 23:00:00,0.95,0.0002386809501,0,0,0,0.7134587169
2021-11-12 16:00:00,2021-10-31 23:00:00,0.95,0.0004393245617,0,0,0,0.1748293638
2021-11-12 17:00:00,2021-10-31 23:00:00,0.95,0.0004709803907,0,0,0,0.3165774643
2021-11-12 18:00:00,2021-10-31 23:00:00,0.95,0.0005043277633,0,0,0,0.5759593248
2021-11-12 19:00:00,2021-10-31 23:00:00,0.95,0.0002927829919,0,0,0,0.7151896954
2021-11-12 20:00:00,2021-10-31 23:00:00,0.95,0.0002741210046,0,0,0,1.964189887
2021-11-12 21:00:00,2021-10-31 23:00:00,0.95,0.0001080722213,0,0,0,0.7156670094
2021-11-12 22:00:00,2021-10-31 23:00:00,0.95,8.692574193e-05,0,0,0,0.5960035324
2021-11-12 23:00:00,2021-10-31 23:00:00,0.95,0.0001039553681,0,0,0,0.6818282604
2021-11-13 00:00:00,2021-10-31 23:00:00,0.95,8.690452523e-05,0,0,0,0.4454910159
2021-11-13 01:00:00,2021-10-31 23:00:00,0.95,0.0001013458022,0,0,0,0.4491662979
2021-11-13 02:00:00,2021-10-31 23:00:00,0.95,0.0001131245081,0,0,0,0.426183939
2021-11-13 03:00:00,2021-10-31 23:00:00,0.95,7.273112715e-05,0,0,0,0.4315952063
2021-11-13 04:00:00,2021-10-31 23:00:00,0.95,0.0001222420688,0,0,0,0.4612969458
2021-11-13 05:00:00,2021-10-31 23:00:00,0.95,0.0004782541946,0,0.1,0,0.4517934024
2021-11-13 06:00:00,2021-10-31 23:00:00,0.95,9.760905232e-05,0,0.3,0,0.5242417455
2021-11-13 07:00:00,2021-10-31 23:00:00,0.95,9.266990673e-05,0,0.7,0,0.4589165449
2021-11-13 08:00:00,2021-10-31 23:00:00,0.95,3.427891716e-05,0,0.8,0,0.4340766966
2021-11-13 09:00:00,2021-10-31 23:00:00,0.95,4.026919487e-05,0,0.8,0,0.3724649549
2021-11-13 10:00:00,2021-10-31 23:00:00,0.95,6.512795608e-06,0,0.8,0,0.2856121957
2021-11-13 11:00:00,2021-10-31 23:00:00,0.95,3.838325938e-06,0,0.7,0,0.9299046397
2021-11-13 12:00:00,2021-10-31 23:00:00,0.95,4.642603926e-06,0,0.5,0,1.166861415
2021-11-13 13:00:00,2021-10-31 23:00:00,0.95,8.089269977e-05,0,0.1,0,1.306248069
2021-11-13 14:00:00,2021-10-31 23:00:00,0.95,4.298850035e-05,0,0,0,0.8900523782
2021-11-13 15:00:00,2021-10-31 23:00:00,0.95,0.0001687927142,0,0,0,0.3362748623
2021-11-13 16:00:00,2021-10-31 23:00:00,0.95,0.0002664209751,0,0,0,0.4613289237
2021-11-13 17:00:00,2021-10-31 23:00:00,0.95,0.0001479591883,0,0,0,0.4069081843
2021-11-13 18:00:00,2021-10-31 23:00:00,0.95,0.0006534100394,0,0.1,0,0.5859646201
2021-11-13 19:00:00,2021-10-31 23:00:00,0.95,0.0004047947295,0,0.1,0,0.6981108785
2021-11-13 20:00:00,2021-10-31 23:00:00,0.95,0.0001151506949,0,2.2,0,0.4942806065
2021-11-13 21:00:00,2021-10-31 23:00:00,0.95,7.944752724e-05,0,2.3,0,0.4983401597
2021-11-13 22:00:00,2021-10-31 23:00:00,0.95,6.426724576e-05,0,2.3,0,0.4228712022
2021-11-13 23:00:00,2021-10-31 23:00:00,0.95,1.737700768e-05,0,2.3,0,0.5449050665
2021-11-14 00:00:00,2021-10-31 23:00:00,0.95,3.49957445e-05,0,3.5,0,1.232709646
2021-11-14 01:00:00,2021-10-31 23:00:00,0.95,2.065694389e-05,0,3.6,0,0.3749431968
2021-11-14 02:00:00,2021-10-31 23:00:00,0.95,0.0002806095872,0,1.6,0,3.075138569
2021-11-14 03:00:00,2021-10-31 23:00:00,0.95,0.0003008554922,0,1.6,0,2.205367804
2021-11-14 04:00:00,2021-10-31 23:00:00,0.95,0.0003290246823,0,1.7,0,0.6978046298
2021-11-14 05:00:00,2021-10-31 23:00:00,0.95,0.0002705188817,0,1.8,0,0.7087688446
2021-11-14 06:00:00,2021-10-31 23:00:00,0.95,0.0002646399953,0,0.6,0,3.728788853
2021-11-14 07:00:00,2021-10-31 23:00:00,0.95,0.0001233961084,0,0.6,0,1.908931255
2021-11-14 08:00:00,2021-10-31 23:00:00,0.95,7.42835482e-06,0,0.6,0,1.433130622
2021-11-14 09:00:00,2021-10-31 23:00:00,0.95,1.255652751e-05,0,0.6,0,1.931809545
2021-11-14 10:00:00,2021-10-31 23:00:00,0.95,1.024966241e-05,0,0.5,0,2.101503134
2021-11-14 11:00:00,2021-10-31 23:00:00,0.95,1.064464232e-05,0,6.6,0,2.178307772
2021-11-14 12:00:00,2021-10-31 23:00:00,0.95,1.477399474e-05,0,6.5,0,1.12069571
2021-11-14 13:00:00,2021-10-31 23:00:00,0.95,0.0003157582541,0,6.4,0,0.8296765685
2021-11-14 14:00:00,2021-10-31 23:00:00,0.95,0.0004368842056,0,6.3,0,0.8561367393
2021-11-14 15:00:00,2021-10-31 23:00:00,0.95,0.0003197362821,0,6.2,0,0.9295699596
2021-11-14 16:00:00,2021-10-31 23:00:00,0.95,0.0003141608031,0,6.9,0,0.6276074648
2021-11-14 17:00:00,2021-10-31 23:00:00,0.95,0.001275273971,0,0.9,0,7.853756905
2021-11-14 18:00:00,2021-10-31 23:00:00,0.95,0.001074247411,0,0.9,0,2.724456072
2021-11-14 19:00:00,2021-10-31 23:00:00,0.95,0.0006159322802,0,0.9,0,0.9765126109
2021-11-14 20:00:00,2021-10-31 23:00:00,0.95,4.519842696e-05,0,1,0,1.568142772
2021-11-14 21:00:00,2021-10-31 23:00:00,0.95,0.00108673505,0,1.5,0,2.484575748
2021-11-14 22:00:00,2021-10-31 23:00:00,0.95,0.001418059343,0,2,0,4.715336323
2021-11-14 23:00:00,2021-10-31 23:00:00,0.95,5.462057015e-05,0,2.1,0,3.707344294
2021-11-15 00:00:00,2021-10-31 23:00:00,0.95,9.108554514e-05,0,5.2,0,0.8955794573
2021-11-15 01:00:00,2021-10-31 23:00:00,0.95,0.0001513656171,0,5.4,0,0.6677193046
2021-11-15 02:00:00,2021-10-31 23:00:00,0.95,0.0003975885338,0,5.6,0,1.360159993
2021-11-15 03:00:00,2021-10-31 23:00:00,0.95,0.0006893145037,0,5.4,0,2.252803087
2021-11-15 04:00:00,2021-10-31 23:00:00,0.95,0.002053502249,0,4.5,0,3.608461142
2021-11-15 05:00:00,2021-10-31 23:00:00,0.95,0.0003053244727,0,4.4,0,2.476109028
2021-11-15 06:00:00,2021-10-31 23:00:00,0.95,0.003110931721,0,1.5,0,5.437575817
2021-11-15 07:00:00,2021-10-31 23:00:00,0.95,3.473301695e-05,0,1.5,0,3.867811918
2021-11-15 08:00:00,2021-10-31 23:00:00,0.95,6.513708649e-05,0,1.2,0,4.010523319
2021-11-15 09:00:00,2021-10-31 23:00:00,0.95,4.993081529e-05,0,0.9,0,3.869355202
2021-11-15 10:00:00,2021-10-31 23:00:00,0.95,3.329163519e-05,0,0.6,0,3.254235983
2021-11-15 11:00:00,2021-10-31 23:00:00,0.95,2.826616401e-05,0,0.4,0,2.572990894
2021-11-15 12:00:00,2021-10-31 23:00:00,0.95,1.133805108e-05,0,0.2,0,2.057159901
2021-11-15 13:00:00,2021-10-31 23:00:00,0.95,7.318724965e-05,0,0,0,1.739976406
2021-11-15 14:00:00,2021-10-31 23:00:00,0.95,4.656929377e-05,0,0,0,1.126618028
2021-11-15 15:00:00,2021-10-31 23:00:00,0.95,0.001030527288,0,0,0,0.9602244496
2021-11-15 16:00:00,2021-10-31 23:00:00,0.95,0.001175873564,0,0,0,0.9572372437
2021-11-15 17:00:00,2021-10-31 23:00:00,0.95,0.00506340852,0,0.1,0,1.918129325
2021-11-15 18:00:00,2021-10-31 23:00:00,0.95,0.0008403418469,0,0.1,0,2.492033243
2021-11-15 19:00:00,2021-10-31 23:00:00,0.95,0.0008775417809,0,0.1,0,1.702258229
2021-11-15 20:00:00,2021-10-31 23:00:00,0.95,0.0003348351456,0,0.2,0,2.393561125
2021-11-15 21:00:00,2021-10-31 23:00:00,0.95,5.043842975e-05,0,0.2,0,1.597059011
2021-11-15 22:00:00,2021-10-31 23:00:00,0.95,4.405711297e-05,0,0.2,0,1.46615994
2021-11-15 23:00:00,2021-10-31 23:00:00,0.95,6.15096651e-05,0,0.1,0,1.736267567
2021-11-16 00:00:00,2021-10-31 23:00:00,0.95,3.911677413e-05,0,0.1,0,0.6073746085
2021-11-16 01:00:00,2021-10-31 23:00:00,0.95,2.140545439e-05,0,0.1,0,0.3765380383
2021-11-16 02:00:00,2021-10-31 23:00:00,0.95,3.673820538e-05,0,0.1,0,0.9235434532
2021-11-16 03:00:00,2021-10-31 23:00:00,0.95,3.518169251e-05,0,0.1,0,0.3022743464
2021-11-16 04:00:00,2021-10-31 23:00:00,0.95,1.48440713e-05,0,0.1,0,0.3712251782
2021-11-16 05:00:00,2021-10-31 23:00:00,0.95,6.081478568e-05,0,0.3,0,0.5548671484
2021-11-16 06:00:00,2021-10-31 23:00:00,0.95,8.592606173e-05,0,0.4,0,0.7878987193
2021-11-16 07:00:00,2021-10-31 23:00:00,0.95,6.625944661e-05,0,0.4,0,0.8461892605
2021-11-16 08:00:00,2021-10-31 23:00:00,0.95,2.187305472e-05,0,0.3,0,1.205683708
2021-11-16 09:00:00,2021-10-31 23:00:00,0.95,1.764442459e-05,0,0.3,0,0.8182778955
2021-11-16 10:00:00,2021-10-31 23:00:00,0.95,9.747766853e-06,0,0.3,0,0.8254098892
2021-11-16 11:00:00,2021-10-31 23:00:00,0.95,2.358637903e-05,0,0.1,0,1.406913996
2021-11-16 12:00:00,2021-10-31 23:00:00,0.95,2.442989535e-05,0,0,0,0.76304847
2021-11-16 13:00:00,2021-10-31 23:00:00,0.95,8.926238661e-05,0,0,0,0.2129630595
2021-11-16 14:00:00,2021-10-31 23:00:00,0.95,8.988755144e-05,0,4.4,0,0.3607204854
2021-11-16 15:00:00,2021-10-31 23:00:00,0.95,0.0001219037877,0,9.6,0,0.7865168452
2021-11-16 16:00:00,2021-10-31 23:00:00,0.95,0.0003243538958,0,9.8,0,0.3462882638
2021-11-16 17:00:00,2021-10-31 23:00:00,0.95,0.0006732441252,0,9.9,0,0.3952589333
2021-11-16 18:00:00,2021-10-31 23:00:00,0.95,0.0002328202099,0,9.9,0,0.3868041337
2021-11-16 19:00:00,2021-10-31 23:00:00,0.95,0.0001067668491,0,9.9,0,0.3688298464
2021-11-16 20:00:00,2021-10-31 23:00:00,0.95,0.0006061204476,0,5.5,0,8.117048264
2021-11-16 21:00:00,2021-10-31 23:00:00,0.95,0.00740817003,0,0.3,0,7.055247307
2021-11-16 22:00:00,2021-10-31 23:00:00,0.95,0.002912650583,0,0.1,0,6.882664204
2021-11-16 23:00:00,2021-10-31 23:00:00,0.95,1.983410402e-05,0,0,0,2.394506216
2021-11-17 00:00:00,2021-10-31 23:00:00,0.95,2.670523099e-05,0,0,0,2.998278141
2021-11-17 01:00:00,2021-10-31 23:00:00,0.95,7.210765762e-05,0,0,0,1.005542755
2021-11-17 02:00:00,2021-10-31 23:00:00,0.95,0.0003585900995,0,0.2,0,0.1327045858
2021-11-17 03:00:00,2021-10-31 23:00:00,0.95,0.0004867536773,0,0.4,0,0
2021-11-17 04:00:00,2021-10-31 23:00:00,0.95,0.0005246938672,0,0.5,0,0
2021-11-17 05:00:00,2021-10-31 23:00:00,0.95,0.000157318922,0,0.8,0,0.1576642096
2021-11-17 06:00:00,2021-10-31 23:00:00,0.95,0.0009371985216,0,0.9,0,0.21258986
2021-11-17 07:00:00,2021-10-31 23:00:00,0.95,0.0005826484412,0,1.3,0,0.8585517406
2021-11-17 08:00:00,2021-10-31 23:00:00,0.95,0.0002458431991,0,2.2,0,2.139466286
2021-11-17 09:00:00,2021-10-31 23:00:00,0.95,4.430294939e-05,0,3.4,0,1.859972596
2021-11-17 10:00:00,2021-10-31 23:00:00,0.95,1.417175372e-05,0,4.4,0,1.472973585
2021-11-17 11:00:00,2021-10-31 23:00:00,0.95,1.449117372e-05,0,5.1,0,2.095702887
2021-11-17 12:00:00,2021-10-31 23:00:00,0.95,7.629631e-06,0,5.5,0,1.176326752
2021-11-17 13:00:00,2021-10-31 23:00:00,0.95,8.649411757e-05,0,5.4,0,1.862088084
2021-11-17 14:00:00,2021-10-31 23:00:00,0.95,0.001339118462,0,4.6,0,4.194862843
2021-11-17 15:00:00,2021-10-31 23:00:00,0.95,0.03004406206,0,3.3,0,5.261887074
2021-11-17 16:00:00,2021-10-31 23:00:00,0.95,0.02716123499,0,4.6,0,5.127846718
2021-11-17 17:00:00,2021-10-31 23:00:00,0.95,0.02091709524,0,8,0,5.862626076
2021-11-17 18:00:00,2021-10-31 23:00:00,0.95,0.0004994645715,0,16.5,0,4.278294563
2021-11-17 19:00:00,2021-10-31 23:00:00,0.95,0.002290900797,0,21.9,1,5.436990261
2021-11-17 20:00:00,2021-10-31 23:00:00,0.95,0.0006526765646,0,25.9,1,4.317701817
2021-11-17 21:00:00,2021-10-31 23:00:00,0.95,0.0004259538255,0,27.4,1,2.622347593
2021-11-17 22:00:00,2021-10-31 23:00:00,0.95,0.001040298725,0,26.5,1,5.230061531
2021-11-17 23:00:00,2021-10-31 23:00:00,0.95,0.05364047363,0,22.9,1,9.285745621
2021-11-18 00:00:00,2021-10-31 23:00:00,0.95,0.432022661,0,17.4,0,11.25554276
2021-11-18 01:00:00,2021-10-31 23:00:00,0.95,0.108590439,0,13,0,15.76548386
2021-11-18 02:00:00,2021-10-31 23:00:00,0.95,0.1573945135,0,9.7,0,18.16476822
2021-11-18 03:00:00,2021-10-31 23:00:00,0.95,0.07893957943,0,12.2,0,19.28312302
2021-11-18 04:00:00,2021-10-31 23:00:00,0.95,0.774874866,0,15.5,0,19.79779434
2021-11-18 05:00:00,2021-10-31 23:00:00,0.95,0.9129958749,0,17.7,0,18.78537941
2021-11-18 06:00:00,2021-10-31 23:00:00,0.95,0.8321012259,0,16.8,0,21.03689384
2021-11-18 07:00:00,2021-10-31 23:00:00,0.95,0.9845899343,1,18.4,0,18.17288589
2021-11-18 08:00:00,2021-10-31 23:00:00,0.95,0.7951854467,0,22.5,1,13.36794662
2021-11-18 09:00:00,2021-10-31 23:00:00,0.95,0.7487805486,0,21.6,1,21.27296066
2021-11-18 10:00:00,2021-10-31 23:00:00,0.95,0.9644757509,1,19.3,0,21.77515221
2021-11-18 11:00:00,2021-10-31 23:00:00,0.95,0.8523170352,0,16.9,0,21.96521759
2021-11-18 12:00:00,2021-10-31 23:00:00,0.95,0.9678065181,1,15.4,0,15.26005363
2021-11-18 13:00:00,2021-10-31 23:00:00,0.95,0.9696301818,1,12.9,0,20.2158947
2021-11-18 14:00:00,2021-10-31 23:00:00,0.95,0.996922791,1,10.3,0,28.02858925
2021-11-18 15:00:00,2021-10-31 23:00:00,0.95,0.9824642539,1,7.4,0,19.81503868
2021-11-18 16:00:00,2021-10-31 23:00:00,0.95,0.9885479212,1,5.1,0,18.37552834
2021-11-18 17:00:00,2021-10-31 23:00:00,0.95,0.9454906583,0,4.7,0,11.0885067
2021-11-18 18:00:00,2021-10-31 23:00:00,0.95,0.8971136212,0,3.9,0,14.09588814
2021-11-18 19:00:00,2021-10-31 23:00:00,0.95,0.4500929713,0,3.6,0,8.261752129
2021-11-18 20:00:00,2021-10-31 23:00:00,0.95,0.0181756895,0,4.3,0,8.758184433
2021-11-18 21:00:00,2021-10-31 23:00:00,0.95,0.06202617288,0,4.9,0,8.15768528
2021-11-18 22:00:00,2021-10-31 23:00:00,0.95,0.003435095772,0,4.8,0,3.853310823
2021-11-18 23:00:00,2021-10-31 23:00:00,0.95,0.00493509043,0,4.7,0,5.338866711
2021-11-19 00:00:00,2021-10-31 23:00:00,0.95,0.000912945543,0,4.5,0,4.17606163
2021-11-19 01:00:00,2021-10-31 23:00:00,0.95,3.842809747e-05,0,4.4,0,2.646685123
2021-11-19 02:00:00,2021-10-31 23:00:00,0.95,0.001007113606,0,1.2,0,16.47709084
2021-11-19 03:00:00,2021-10-31 23:00:00,0.95,0.1891850531,0,0.3,0,10.59310436
2021-11-19 04:00:00,2021-10-31 23:00:00,0.95,0.001340522198,0,0.2,0,5.368032932
2021-11-19 05:00:00,2021-10-31 23:00:00,0.95,0.02878986672,0,0.1,0,7.040811539
2021-11-19 06:00:00,2021-10-31 23:00:00,0.95,0.0003173577716,0,0,0,3.21291399
2021-11-19 07:00:00,2021-10-31 23:00:00,0.95,0.0005032806075,0,0,0,1.266439557
2021-11-19 08:00:00,2021-10-31 23:00:00,0.95,2.245052565e-05,0,0.1,0,1.582098842
2021-11-19 09:00:00,2021-10-31 23:00:00,0.95,2.127910193e-05,0,0.1,0,1.479194164
2021-11-19 10:00:00,2021-10-31 23:00:00,0.95,1.683432129e-05,0,0.1,0,1.017115116
2021-11-19 11:00:00,2021-10-31 23:00:00,0.95,3.537115481e-05,0,0.1,0,1.406838894
2021-11-19 12:00:00,2021-10-31 23:00:00,0.95,2.050096373e-05,0,0.7,0,1.076067567
2021-11-19 13:00:00,2021-10-31 23:00:00,0.95,9.970206884e-05,0,1.4,0,1.174364448
2021-11-19 14:00:00,2021-10-31 23:00:00,0.95,0.0001851265115,0,1.6,0,1.466744065
2021-11-19 15:00:00,2021-10-31 23:00:00,0.95,1.934133616e-05,0,2.4,0,0.5807960033
2021-11-19 16:00:00,2021-10-31 23:00:00,0.95,0.0002036014193,0,2.8,0,0.7524139285
2021-11-19 17:00:00,2021-10-31 23:00:00,0.95,0.0001305889891,0,3.1,0,1.269373059
2021-11-19 18:00:00,2021-10-31 23:00:00,0.95,0.0023043775,0,2.6,0,4.507656097
2021-11-19 19:00:00,2021-10-31 23:00:00,0.95,0.02651467919,0,2.5,0,5.557240963
2021-11-19 20:00:00,2021-10-31 23:00:00,0.95,0.04600117356,0,2.9,0,3.548425913
2021-11-19 21:00:00,2021-10-31 23:00:00,0.95,0.2626286745,0,2.6,0,5.275386333
2021-11-19 22:00:00,2021-10-31 23:00:00,0.95,0.1156966388,0,2.3,0,3.997741461
2021-11-19 23:00:00,2021-10-31 23:00:00,0.95,0.003338859649,0,2.4,0,2.558587551
2021-11-20 00:00:00,2021-10-31 23:00:00,0.95,0.0008826025296,0,4.3,0,2.322348595
2021-11-20 01:00:00,2021-10-31 23:00:00,0.95,0.004792200867,0,4,0,3.196884155
2021-11-20 02:00:00,2021-10-31 23:00:00,0.95,0.004829286598,0,3.7,0,4.264064789
2021-11-20 03:00:00,2021-10-31 23:00:00,0.95,0.00297519099,0,3.3,0,3.655912161
2021-11-20 04:00:00,2021-10-31 23:00:00,0.95,0.004633144941,0,3.4,0,2.395134211
2021-11-20 05:00:00,2021-10-31 23:00:00,0.95,0.006430682726,0,3.1,0,3.117895603
2021-11-20 06:00:00,2021-10-31 23:00:00,0.95,0.007538164034,0,1.2,0,5.888563633
2021-11-20 07:00:00,2021-10-31 23:00:00,0.95,0.009272274561,0,1.2,0,4.39993
2021-11-20 08:00:00,2021-10-31 23:00:00,0.95,0.002092150273,0,0.9,0,4.068762779
2021-11-20 09:00:00,2021-10-31 23:00:00,0.95,4.905503374e-05,0,0.8,0,2.51962471
2021-11-20 10:00:00,2021-10-31 23:00:00,0.95,8.751584392e-05,0,0.6,0,1.76333034
2021-11-20 11:00:00,2021-10-31 23:00:00,0.95,4.378281665e-05,0,0.5,0,1.296206713
2021-11-20 12:00:00,2021-10-31 23:00:00,0.95,2.358631173e-05,0,0.4,0,1.016316414
2021-11-20 13:00:00,2021-10-31 23:00:00,0.95,0.0008979008417,0,0.1,0,1.678904295
2021-11-20 14:00:00,2021-10-31 23:00:00,0.95,0.0007637827657,0,0.7,0,1.251894474
2021-11-20 15:00:00,2021-10-31 23:00:00,0.95,0.007015281823,0,5.3,0,1.087246776
2021-11-20 16:00:00,2021-10-31 23:00:00,0.95,0.004020662047,0,5.6,0,1.43054831
2021-11-20 17:00:00,2021-10-31 23:00:00,0.95,0.005848718341,0,6.6,0,0.9375054836
2021-11-20 18:00:00,2021-10-31 23:00:00,0.95,0.002449062886,0,11.4,0,1.156239629
2021-11-20 19:00:00,2021-10-31 23:00:00,0.95,0.0002371400478,0,11.6,0,1.230085373
2021-11-20 20:00:00,2021-10-31 23:00:00,0.95,0.002284821821,0,11.2,0,3.780046701
2021-11-20 21:00:00,2021-10-31 23:00:00,0.95,0.008142492734,0,6.7,0,5.107663631
2021-11-20 22:00:00,2021-10-31 23:00:00,0.95,0.004231149331,0,6.4,0,6.152740002
2021-11-20 23:00:00,2021-10-31 23:00:00,0.95,0.03476525471,0,5.4,0,5.044997692
2021-11-21 00:00:00,2021-10-31 23:00:00,0.95,0.01755659655,0,0.6,0,7.36273098
2021-11-21 01:00:00,2021-10-31 23:00:00,0.95,0.001851458452,0,0.4,0,4.908760071
2021-11-21 02:00:00,2021-10-31 23:00:00,0.95,0.001955163432,0,0.2,0,3.628554821
2021-11-21 03:00:00,2021-10-31 23:00:00,0.95,0.0004104703548,0,0.1,0,2.636159658
2021-11-21 04:00:00,2021-10-31 23:00:00,0.95,0.0007631752524,0,0.1,0,0.4795999527
2021-11-21 05:00:00,2021-10-31 23:00:00,0.95,0.0007191374316,0,0.2,0,0.3552093208
2021-11-21 06:00:00,2021-10-31 23:00:00,0.95,0.0001967643184,0,0.2,0,0
2021-11-21 07:00:00,2021-10-31 23:00:00,0.95,0.001644077711,0,0.4,0,0.9965423942
2021-11-21 08:00:00,2021-10-31 23:00:00,0.95,0.0001785404165,0,0.3,0,2.612248421
2021-11-21 09:00:00,2021-10-31 23:00:00,0.95,4.391349285e-05,0,0.3,0,1.751985073
2021-11-21 10:00:00,2021-10-31 23:00:00,0.95,4.465291931e-05,0,0.3,0,1.296518922
2021-11-21 11:00:00,2021-10-31 23:00:00,0.95,3.471202581e-05,0,0.2,0,2.114902496
2021-11-21 12:00:00,2021-10-31 23:00:00,0.95,3.066164209e-05,0,0.2,0,1.138401985
2021-11-21 13:00:00,2021-10-31 23:00:00,0.95,2.417173528e-05,0,0,0,1.647933245
2021-11-21 14:00:00,2021-10-31 23:00:00,0.95,5.560890713e-05,0,0,0,0.922377944
2021-11-21 15:00:00,2021-10-31 23:00:00,0.95,0.0005493739154,0,0,0,0.7591865659
2021-11-21 16:00:00,2021-10-31 23:00:00,0.95,0.000303709443,0,0,0,0.7356717587
2021-11-21 17:00:00,2021-10-31 23:00:00,0.95,0.0003533328127,0,0,0,1.007996917
2021-11-21 18:00:00,2021-10-31 23:00:00,0.95,0.000169260762,0,0,0,1.75359726
2021-11-21 19:00:00,2021-10-31 23:00:00,0.95,0.0004151910834,0,2.4,0,2.400926113
2021-11-21 20:00:00,2021-10-31 23:00:00,0.95,0.0002424962586,0,2.9,0,2.023693085
2021-11-21 21:00:00,2021-10-31 23:00:00,0.95,0.0001863524085,0,5,0,1.669032097
2021-11-21 22:00:00,2021-10-31 23:00:00,0.95,5.83709807e-05,0,6,0,1.271033764
2021-11-21 23:00:00,2021-10-31 23:00:00,0.95,6.202967052e-05,0,6.5,0,1.099960923
2021-11-22 00:00:00,2021-10-31 23:00:00,0.95,2.858230255e-05,0,6.6,0,0.5574199557
2021-11-22 01:00:00,2021-10-31 23:00:00,0.95,0.000299533509,0,4.2,0,3.854506493
2021-11-22 02:00:00,2021-10-31 23:00:00,0.95,0.000222050192,0,3.7,0,2.166800261
2021-11-22 03:00:00,2021-10-31 23:00:00,0.95,0.00103042461,0,1.6,0,3.475874186
2021-11-22 04:00:00,2021-10-31 23:00:00,0.95,0.0001037707625,0,0.6,0,3.366264582
2021-11-22 05:00:00,2021-10-31 23:00:00,0.95,0.001392405131,0,0.1,0,3.302667856
2021-11-22 06:00:00,2021-10-31 23:00:00,0.95,0.0001338711299,0,1.1,0,1.810141802
2021-11-22 07:00:00,2021-10-31 23:00:00,0.95,1.230346516e-05,0,4.3,0,0.9903146625
2021-11-22 08:00:00,2021-10-31 23:00:00,0.95,1.135879756e-05,0,4.5,0,0.7244423032
2021-11-22 09:00:00,2021-10-31 23:00:00,0.95,1.527850327e-05,0,4.5,0,0.06209907681
2021-11-22 10:00:00,2021-10-31 23:00:00,0.95,2.98079467e-05,0,4.5,0,0.357278347
2021-11-22 11:00:00,2021-10-31 23:00:00,0.95,1.428636187e-05,0,4.6,0,0.3098371923
2021-11-22 12:00:00,2021-10-31 23:00:00,0.95,2.018195846e-05,0,3.5,0,1.804841518
2021-11-22 13:00:00,2021-10-31 23:00:00,0.95,0.0002722724457,0,0.3,0,1.60626483
2021-11-22 14:00:00,2021-10-31 23:00:00,0.95,8.118891856e-05,0,0.1,0,2.280745506
2021-11-22 15:00:00,2021-10-31 23:00:00,0.95,0.0002227983932,0,0.6,0,1.109571695
2021-11-22 16:00:00,2021-10-31 23:00:00,0.95,0.0001024724697,0,0.7,0,0.03444391862
2021-11-22 17:00:00,2021-10-31 23:00:00,0.95,0.0001196259618,0,0.6,0,0.8747605681
2021-11-22 18:00:00,2021-10-31 23:00:00,0.95,8.38571068e-05,0,0.6,0,0.8982010484
2021-11-22 19:00:00,2021-10-31 23:00:00,0.95,6.183636287e-05,0,1.2,0,1.160525918
2021-11-22 20:00:00,2021-10-31 23:00:00,0.95,0.0003637412447,0,1.3,0,1.585548162
2021-11-22 21:00:00,2021-10-31 23:00:00,0.95,0.005235827994,0,0.8,0,3.030120611
2021-11-22 22:00:00,2021-10-31 23:00:00,0.95,0.001240116544,0,0.7,0,2.201070786
2021-11-22 23:00:00,2021-10-31 23:00:00,0.95,0.003878532676,0,0.7,0,1.940958142
2021-11-23 00:00:00,2021-10-31 23:00:00,0.95,0.0004563367693,0,0.7,0,0.9942785501
2021-11-23 01:00:00,2021-10-31 23:00:00,0.95,0.0008977169055,0,0.1,0,3.079525471
2021-11-23 02:00:00,2021-10-31 23:00:00,0.95,6.941505126e-05,0,0.1,0,1.660448194
2021-11-23 03:00:00,2021-10-31 23:00:00,0.95,1.21570547e-05,0,0.3,0,0.4399024546
2021-11-23 04:00:00,2021-10-31 23:00:00,0.95,1.263949707e-05,0,0.5,0,0.4121377766
2021-11-23 05:00:00,2021-10-31 23:00:00,0.95,6.449649663e-05,0,0.6,0,0.4932702482
2021-11-23 06:00:00,2021-10-31 23:00:00,0.95,0.0001127378055,0,0.6,0,0.528899014
2021-11-23 07:00:00,2021-10-31 23:00:00,0.95,0.0002025932918,0,0.6,0,0.6340099573
2021-11-23 08:00:00,2021-10-31 23:00:00,0.95,3.507532892e-05,0,0.5,0,1.217704415
2021-11-23 09:00:00,2021-10-31 23:00:00,0.95,3.384653246e-05,0,0.3,0,1.491299272
2021-11-23 10:00:00,2021-10-31 23:00:00,0.95,3.451101293e-05,0,0.1,0,1.433788896
2021-11-23 11:00:00,2021-10-31 23:00:00,0.95,1.127049018e-05,0,0,0,1.027867436
2021-11-23 12:00:00,2021-10-31 23:00:00,0.95,9.005309039e-06,0,0,0,0.1974843591
2021-11-23 13:00:00,2021-10-31 23:00:00,0.95,6.247594229e-06,0,0,0,0.1386795342
2021-11-23 14:00:00,2021-10-31 23:00:00,0.95,5.94951598e-05,0,0,0,0.1151331365
2021-11-23 15:00:00,2021-10-31 23:00:00,0.95,0.0003520336177,0,0,0,0.333009094
2021-11-23 16:00:00,2021-10-31 23:00:00,0.95,0.0002008235169,0,0,0,0.2302937061
2021-11-23 17:00:00,2021-10-31 23:00:00,0.95,0.0002009587479,0,0,0,0.2760269046
2021-11-23 18:00:00,2021-10-31 23:00:00,0.95,7.381582691e-05,0,0,0,0.3703352511
2021-11-23 19:00:00,2021-10-31 23:00:00,0.95,0.0001338453585,0,0,0,0.6642457843
2021-11-23 20:00:00,2021-10-31 23:00:00,0.95,0.0001070638318,0,0,0,0.6645038128
2021-11-23 21:00:00,2021-10-31 23:00:00,0.95,0.0002371590526,0,0,0,0.7000724673
2021-11-23 22:00:00,2021-10-31 23:00:00,0.95,0.000132318135,0,0,0,0.7177291512
2021-11-23 23:00:00,2021-10-31 23:00:00,0.95,0.0002168891224,0,0,0,0.6955397725
2021-11-24 00:00:00,2021-10-31 23:00:00,0.95,0.0001331317762,0,0.1,0,0.5381125808
2021-11-24 01:00:00,2021-10-31 23:00:00,0.95,6.334440695e-05,0,0.1,0,0.5038324594
2021-11-24 02:00:00,2021-10-31 23:00:00,0.95,2.524247975e-05,0,0.2,0,0.3361853361
2021-11-24 03:00:00,2021-10-31 23:00:00,0.95,2.815757762e-05,0,0.2,0,0.3320730329
2021-11-24 04:00:00,2021-10-31 23:00:00,0.95,2.086393397e-05,0,0.2,0,0.3409377337
2021-11-24 05:00:00,2021-10-31 23:00:00,0.95,6.415775715e-05,0,0.2,0,0.3306040466
2021-11-24 06:00:00,2021-10-31 23:00:00,0.95,8.973271906e-05,0,0.1,0,1.0280478
2021-11-24 07:00:00,2021-10-31 23:00:00,0.95,6.461345765e-05,0,0.2,0,0.4615600407
2021-11-24 08:00:00,2021-10-31 23:00:00,0.95,4.401805927e-05,0,0.2,0,0.8500292301
2021-11-24 09:00:00,2021-10-31 23:00:00,0.95,3.347938036e-05,0,0.3,0,0.3324965835
2021-11-24 10:00:00,2021-10-31 23:00:00,0.95,5.070725092e-05,0,0.4,0,0.2567460537
2021-11-24 11:00:00,2021-10-31 23:00:00,0.95,3.000304241e-05,0,0.4,0,0.2178647369
2021-11-24 12:00:00,2021-10-31 23:00:00,0.95,6.530109658e-06,0,0.4,0,0.1230541095
2021-11-24 13:00:00,2021-10-31 23:00:00,0.95,5.846845397e-06,0,0.3,0,0.6502818465
2021-11-24 14:00:00,2021-10-31 23:00:00,0.95,3.982808266e-05,0,0.2,0,0.6429107785
2021-11-24 15:00:00,2021-10-31 23:00:00,0.95,6.612676225e-05,0,0.1,0,0.6611760259
2021-11-24 16:00:00,2021-10-31 23:00:00,0.95,0.0001451866556,0,0,0,0.6766711473
2021-11-24 17:00:00,2021-10-31 23:00:00,0.95,0.0001169952884,0,0,0,0.2160920352
2021-11-24 18:00:00,2021-10-31 23:00:00,0.95,4.102069579e-05,0,0,0,0.22687231
2021-11-24 19:00:00,2021-10-31 23:00:00,0.95,0.0001186221489,0,0.1,0,0.4173424542
2021-11-24 20:00:00,2021-10-31 23:00:00,0.95,0.00012016455,0,1,0,0.4922116399
2021-11-24 21:00:00,2021-10-31 23:00:00,0.95,0.0001144799971,0,1.5,0,0.4134651721
2021-11-24 22:00:00,2021-10-31 23:00:00,0.95,9.491046512e-05,0,1.6,0,0.3798778057
2021-11-24 23:00:00,2021-10-31 23:00:00,0.95,4.869177792e-05,0,1.6,0,0.3824872673
2021-11-25 00:00:00,2021-10-31 23:00:00,0.95,4.800599709e-05,0,3.8,0,0.3382997215
2021-11-25 01:00:00,2021-10-31 23:00:00,0.95,5.387826241e-05,0,12.5,0,0.9317312241
2021-11-25 02:00:00,2021-10-31 23:00:00,0.95,5.78461586e-05,0,12.3,0,2.484568596
2021-11-25 03:00:00,2021-10-31 23:00:00,0.95,0.001006890554,0,11.9,0,2.005557299
2021-11-25 04:00:00,2021-10-31 23:00:00,0.95,0.0004992301692,0,12.9,0,1.432170033
2021-11-25 05:00:00,2021-10-31 23:00:00,0.95,0.0002490123443,0,13.3,0,0.9954907298
2021-11-25 06:00:00,2021-10-31 23:00:00,0.95,0.002051584888,0,11.3,0,4.856947899
2021-11-25 07:00:00,2021-10-31 23:00:00,0.95,0.008630071767,0,2.7,0,10.24914646
2021-11-25 08:00:00,2021-10-31 23:00:00,0.95,0.003515812336,0,8.2,0,5.827368736
2021-11-25 09:00:00,2021-10-31 23:00:00,0.95,0.0006837995024,0,10.5,0,4.529345036
2021-11-25 10:00:00,2021-10-31 23:00:00,0.95,0.001965990523,0,11,0,7.660993576
2021-11-25 11:00:00,2021-10-31 23:00:00,0.95,0.005392487627,0,10.8,0,5.005103588
2021-11-25 12:00:00,2021-10-31 23:00:00,0.95,5.006846914e-05,0,10.6,0,3.093236208
2021-11-25 13:00:00,2021-10-31 23:00:00,0.95,0.0002388439316,0,10.4,0,2.347211361
2021-11-25 14:00:00,2021-10-31 23:00:00,0.95,0.006938289851,0,4.7,0,8.184980392
2021-11-25 15:00:00,2021-10-31 23:00:00,0.95,0.003282240359,0,8.9,0,6.155594826
2021-11-25 16:00:00,2021-10-31 23:00:00,0.95,0.03853950277,0,8.7,0,9.575403214
2021-11-25 17:00:00,2021-10-31 23:00:00,0.95,0.01941932924,0,8.6,0,8.492210388
2021-11-25 18:00:00,2021-10-31 23:00:00,0.95,0.01489372924,0,8.6,0,4.683866978
2021-11-25 19:00:00,2021-10-31 23:00:00,0.95,0.006588173565,0,9.4,0,3.264140606
2021-11-25 20:00:00,2021-10-31 23:00:00,0.95,0.0006783275167,0,14.8,0,5.703984737
2021-11-25 21:00:00,2021-10-31 23:00:00,0.95,0.003169582225,0,8.3,0,13.06144524
2021-11-25 22:00:00,2021-10-31 23:00:00,0.95,0.01019449346,0,6.9,0,8.886630058
2021-11-25 23:00:00,2021-10-31 23:00:00,0.95,0.0007532914169,0,7,0,4.905685902
2021-11-26 00:00:00,2021-10-31 23:00:00,0.95,0.0001068025813,0,7.1,0,4.979879856
2021-11-26 01:00:00,2021-10-31 23:00:00,0.95,0.02015910298,0,6.5,0,8.737586975
2021-11-26 02:00:00,2021-10-31 23:00:00,0.95,0.03666783124,0,1.4,0,10.7091856
2021-11-26 03:00:00,2021-10-31 23:00:00,0.95,0.003021795535,0,5.2,0,6.55164957
2021-11-26 04:00:00,2021-10-31 23:00:00,0.95,0.004637748003,0,6.4,0,4.160415649
2021-11-26 05:00:00,2021-10-31 23:00:00,0.95,0.0002270903497,0,6.8,0,7.395051479
2021-11-26 06:00:00,2021-10-31 23:00:00,0.95,0.001749832649,0,7.2,0,3.196083546
2021-11-26 07:00:00,2021-10-31 23:00:00,0.95,0.0019670818,0,10.9,0,4.939019203
2021-11-26 08:00:00,2021-10-31 23:00:00,0.95,0.003231453942,0,10.5,0,6.961201191
2021-11-26 09:00:00,2021-10-31 23:00:00,0.95,0.06235439703,0,8,0,9.140628815
2021-11-26 10:00:00,2021-10-31 23:00:00,0.95,0.002277944004,0,13.3,0,11.75080967
2021-11-26 11:00:00,2021-10-31 23:00:00,0.95,0.001929685939,0,13.4,0,7.546626091
2021-11-26 12:00:00,2021-10-31 23:00:00,0.95,0.004313774407,0,13.8,0,6.553589821
2021-11-26 13:00:00,2021-10-31 23:00:00,0.95,0.06219952554,0,11.9,0,10.63538265
2021-11-26 14:00:00,2021-10-31 23:00:00,0.95,0.09094621986,0,15.4,0,6.165325642
2021-11-26 15:00:00,2021-10-31 23:00:00,0.95,0.009491597302,0,15,0,9.270604134
2021-11-26 16:00:00,2021-10-31 23:00:00,0.95,0.07249812782,0,12.7,0,10.04921913
2021-11-26 17:00:00,2021-10-31 23:00:00,0.95,0.02720800601,0,13.1,0,10.25391293
2021-11-26 18:00:00,2021-10-31 23:00:00,0.95,0.02065827698,0,14.3,0,13.21557617
2021-11-26 19:00:00,2021-10-31 23:00:00,0.95,0.2613984346,0,14.4,0,17.2018261
2021-11-26 20:00:00,2021-10-31 23:00:00,0.95,0.3154090643,0,11.3,0,17.65373802
2021-11-26 21:00:00,2021-10-31 23:00:00,0.95,0.1719885468,0,12.5,0,11.13670254
2021-11-26 22:00:00,2021-10-31 23:00:00,0.95,0.1479523331,0,9.3,0,15.60375309
2021-11-26 23:00:00,2021-10-31 23:00:00,0.95,0.2878688276,0,9,0,13.0201273
2021-11-27 00:00:00,2021-10-31 23:00:00,0.95,0.256601423,0,7.1,0,15.06175613
2021-11-27 01:00:00,2021-10-31 23:00:00,0.95,0.5024012923,0,5.4,0,16.14491463
2021-11-27 02:00:00,2021-10-31 23:00:00,0.95,0.3738882244,0,5.1,0,10.50429058
2021-11-27 03:00:00,2021-10-31 23:00:00,0.95,0.4629458785,0,3.7,0,12.39971733
2021-11-27 04:00:00,2021-10-31 23:00:00,0.95,0.01623061486,0,3.6,0,9.599143982
2021-11-27 05:00:00,2021-10-31 23:00:00,0.95,0.07497368008,0,3,0,9.86541748
2021-11-27 06:00:00,2021-10-31 23:00:00,0.95,0.007330869325,0,3.2,0,7.362689972
2021-11-27 07:00:00,2021-10-31 23:00:00,0.95,0.007943546399,0,4.8,0,5.585354328
2021-11-27 08:00:00,2021-10-31 23:00:00,0.95,0.0006816611276,0,6.8,0,6.2216115
2021-11-27 09:00:00,2021-10-31 23:00:00,0.95,0.001896257396,0,8.2,0,6.8094244
2021-11-27 10:00:00,2021-10-31 23:00:00,0.95,0.009710792452,0,8.9,0,6.377784729
2021-11-27 11:00:00,2021-10-31 23:00:00,0.95,0.0003381529823,0,9.4,0,3.843687057
2021-11-27 12:00:00,2021-10-31 23:00:00,0.95,0.000347141875,0,9.4,0,3.772300482
2021-11-27 13:00:00,2021-10-31 23:00:00,0.95,0.0006450068904,0,9.3,0,5.950834751
2021-11-27 14:00:00,2021-10-31 23:00:00,0.95,0.0003519440361,0,11.6,0,5.447539806
2021-11-27 15:00:00,2021-10-31 23:00:00,0.95,0.005128835794,0,9.7,0,6.842102528
2021-11-27 16:00:00,2021-10-31 23:00:00,0.95,0.009857513942,0,8.6,0,8.582005501
2021-11-27 17:00:00,2021-10-31 23:00:00,0.95,0.0026568498,0,8.3,0,5.950444221
2021-11-27 18:00:00,2021-10-31 23:00:00,0.95,0.005486661568,0,8.1,0,6.008520126
2021-11-27 19:00:00,2021-10-31 23:00:00,0.95,0.002709042747,0,9.2,0,7.852239132
2021-11-27 20:00:00,2021-10-31 23:00:00,0.95,0.0002826863492,0,5.2,0,11.65588284
2021-11-27 21:00:00,2021-10-31 23:00:00,0.95,0.0006088942755,0,5.8,0,7.297813416
2021-11-27 22:00:00,2021-10-31 23:00:00,0.95,0.001761306194,0,6,0,5.062601089
2021-11-27 23:00:00,2021-10-31 23:00:00,0.95,0.001049487037,0,6.5,0,5.114872932
2021-11-28 00:00:00,2021-10-31 23:00:00,0.95,0.002017436083,0,7.1,0,4.103171825
2021-11-28 01:00:00,2021-10-31 23:00:00,0.95,0.01125012897,0,5.9,0,8.103386879
2021-11-28 02:00:00,2021-10-31 23:00:00,0.95,0.01712420583,0,6.3,0,6.287697792
2021-11-28 03:00:00,2021-10-31 23:00:00,0.95,0.001033667359,0,5.8,0,5.986060619
2021-11-28 04:00:00,2021-10-31 23:00:00,0.95,0.0005299382028,0,5.7,0,5.357184887
2021-11-28 05:00:00,2021-10-31 23:00:00,0.95,0.01146620233,0,6.3,0,4.920635223
2021-11-28 06:00:00,2021-10-31 23:00:00,0.95,0.007286069449,0,6.7,0,5.418237209
2021-11-28 07:00:00,2021-10-31 23:00:00,0.95,0.01512959227,0,5.3,0,6.553356171
2021-11-28 08:00:00,2021-10-31 23:00:00,0.95,0.01483768318,0,4.3,0,7.635705471
2021-11-28 09:00:00,2021-10-31 23:00:00,0.95,0.006041754968,0,4.4,0,7.895082951
2021-11-28 10:00:00,2021-10-31 23:00:00,0.95,0.06564807892,0,4.4,0,6.489368439
2021-11-28 11:00:00,2021-10-31 23:00:00,0.95,0.03548235819,0,6.4,0,8.222013474
2021-11-28 12:00:00,2021-10-31 23:00:00,0.95,0.01530196331,0,9.9,0,8.293551445
2021-11-28 13:00:00,2021-10-31 23:00:00,0.95,0.01203487907,0,9.8,0,5.380126953
2021-11-28 14:00:00,2021-10-31 23:00:00,0.95,0.0003299639211,0,10.6,0,3.933305502
2021-11-28 15:00:00,2021-10-31 23:00:00,0.95,0.0008150739595,0,14,0,3.923633814
2021-11-28 16:00:00,2021-10-31 23:00:00,0.95,0.003727549454,0,14,0,5.406665325
2021-11-28 17:00:00,2021-10-31 23:00:00,0.95,0.001231255126,0,11,0,8.249846458
2021-11-28 18:00:00,2021-10-31 23:00:00,0.95,0.008723783307,0,8.8,0,11.84067822
2021-11-28 19:00:00,2021-10-31 23:00:00,0.95,0.002660595113,0,8.9,0,7.183801174
2021-11-28 20:00:00,2021-10-31 23:00:00,0.95,0.03783167154,0,8.1,0,8.804941177
2021-11-28 21:00:00,2021-10-31 23:00:00,0.95,0.003144415328,0,5.7,0,11.18862534
2021-11-28 22:00:00,2021-10-31 23:00:00,0.95,0.06184162572,0,5.3,0,7.768870831
2021-11-28 23:00:00,2021-10-31 23:00:00,0.95,0.2939246595,0,5.1,0,8.661791801
2021-11-29 00:00:00,2021-10-31 23:00:00,0.95,0.3660206795,0,4.9,0,13.72194099
2021-11-29 01:00:00,2021-10-31 23:00:00,0.95,0.01213595457,0,13.4,0,5.536223888
2021-11-29 02:00:00,2021-10-31 23:00:00,0.95,0.005338924471,0,20.5,1,3.809005737
2021-11-29 03:00:00,2021-10-31 23:00:00,0.95,0.008848120458,0,19.8,0,7.961256504
2021-11-29 04:00:00,2021-10-31 23:00:00,0.95,0.001572678564,0,19.9,0,3.999698162
2021-11-29 05:00:00,2021-10-31 23:00:00,0.95,0.01230987348,0,19.7,0,4.573585033
2021-11-29 06:00:00,2021-10-31 23:00:00,0.95,0.04876856878,0,17.5,0,9.523789406
2021-11-29 07:00:00,2021-10-31 23:00:00,0.95,0.02722073719,0,8.7,0,11.10489845
2021-11-29 08:00:00,2021-10-31 23:00:00,0.95,0.01042702794,0,1.5,0,9.623952866
2021-11-29 09:00:00,2021-10-31 23:00:00,0.95,0.002923470456,0,0.9,0,6.699154854
2021-11-29 10:00:00,2021-10-31 23:00:00,0.95,8.209418593e-05,0,1.1,0,5.077585697
2021-11-29 11:00:00,2021-10-31 23:00:00,0.95,0.0001099183719,0,1,0,5.27858448
2021-11-29 12:00:00,2021-10-31 23:00:00,0.95,4.595585051e-05,0,0.9,0,2.416403055
2021-11-29 13:00:00,2021-10-31 23:00:00,0.95,6.32180454e-05,0,1,0,1.598042369
2021-11-29 14:00:00,2021-10-31 23:00:00,0.95,1.430094744e-05,0,1.1,0,0.5274713039
2021-11-29 15:00:00,2021-10-31 23:00:00,0.95,0.0002262543858,0,1.9,0,2.255127192
2021-11-29 16:00:00,2021-10-31 23:00:00,0.95,0.001342081232,0,1.6,0,2.910074711
2021-11-29 17:00:00,2021-10-31 23:00:00,0.95,0.002747478196,0,1.7,0,7.887611389
2021-11-29 18:00:00,2021-10-31 23:00:00,0.95,0.008673701435,0,1.8,0,9.435277939
2021-11-29 19:00:00,2021-10-31 23:00:00,0.95,0.004063260742,0,1.6,0,7.949613571
2021-11-29 20:00:00,2021-10-31 23:00:00,0.95,0.003220161656,0,1.8,0,4.595676422
2021-11-29 21:00:00,2021-10-31 23:00:00,0.95,0.0003327749146,0,1.4,0,6.010914803
2021-11-29 22:00:00,2021-10-31 23:00:00,0.95,8.558716945e-05,0,1.4,0,4.695383549
2021-11-29 23:00:00,2021-10-31 23:00:00,0.95,0.0002184233745,0,1.7,0,2.794552803
2021-11-30 00:00:00,2021-10-31 23:00:00,0.95,9.967184451e-05,0,1.8,0,3.220820427
2021-11-30 01:00:00,2021-10-31 23:00:00,0.95,2.439067066e-05,0,2.4,0,1.508461118
2021-11-30 02:00:00,2021-10-31 23:00:00,0.95,0.0002913322824,0,2.7,0,4.330399036
2021-11-30 03:00:00,2021-10-31 23:00:00,0.95,0.0001497037301,0,2.7,0,4.381116867
2021-11-30 04:00:00,2021-10-31 23:00:00,0.95,0.000205353761,0,2.6,0,3.639182806
2021-11-30 05:00:00,2021-10-31 23:00:00,0.95,0.001809450448,0,2.5,0,4.541258335
2021-11-30 06:00:00,2021-10-31 23:00:00,0.95,0.0001602306147,0,2.9,0,4.269824505
2021-11-30 07:00:00,2021-10-31 23:00:00,0.95,0.0002883468114,0,2.4,0,4.468610287
2021-11-30 08:00:00,2021-10-31 23:00:00,0.95,0.000193503729,0,2.3,0,3.213209629
2021-11-30 09:00:00,2021-10-31 23:00:00,0.95,0.0005616270355,0,2.1,0,2.949794531
2021-11-30 10:00:00,2021-10-31 23:00:00,0.95,4.324420661e-05,0,2,0,1.093648076
2021-11-30 11:00:00,2021-10-31 23:00:00,0.95,1.496407458e-05,0,1.7,0,1.785019517
2021-11-30 12:00:00,2021-10-31 23:00:00,0.95,5.69653057e-05,0,1.1,0,2.447927952
2021-11-30 13:00:00,2021-10-31 23:00:00,0.95,1.80154293e-05,0,1,0,0.8491687775
2021-11-30 14:00:00,2021-10-31 23:00:00,0.95,0.0006090744282,0,0.5,0,2.482067823
2021-11-30 15:00:00,2021-10-31 23:00:00,0.95,0.0002515772358,0,0.4,0,2.791195393
2021-11-30 16:00:00,2021-10-31 23:00:00,0.95,0.0001529956062,0,0.6,0,1.117065787
2021-11-30 17:00:00,2021-10-31 23:00:00,0.95,3.531456969e-05,0,0.7,0,1.140202522
2021-11-30 18:00:00,2021-10-31 23:00:00,0.95,0.0001802081679,0,2.1,0,1.334650397
2021-11-30 19:00:00,2021-10-31 23:00:00,0.95,0.0002401466627,0,2.7,0,1.543411493
2021-11-30 20:00:00,2021-10-31 23:00:00,0.95,0.0001143110276,0,2.9,0,2.247159243
2021-11-30 21:00:00,2021-10-31 23:00:00,0.95,7.533084863e-05,0,2.8,0,2.784571648
2021-11-30 22:00:00,2021-10-31 23:00:00,0.95,0.0001416896703,0,2.7,0,2.128946543
2021-11-30 23:00:00,2021-10-31 23:00:00,0.95,6.317422958e-05,0,2.7,0,1.248364449
